No,Keyword,Volume,Position,EST.Visits,URL,SEO Difficulty
1,"ビーナスポイント",14800,86,0,"http://onlinecasino-walker.com/deposit/venuspoint/",39
2,"ユニークカジノ",2900,64,0,"http://onlinecasino-walker.com/ranking/unique-casino/",33
3,"ココモ法",2400,87,0,"http://onlinecasino-walker.com/kouryaku/cocomo/katsuyou/",32
4,"オンカジ",1900,17,1,"http://onlinecasino-walker.com/",49
5,"ここも法",1900,57,0,"http://onlinecasino-walker.com/kouryaku/cocomo/katsuyou/",35
6,"ワンダーカジノ",1900,27,0,"http://onlinecasino-walker.com/ranking/wonder-casino/",32
7,"ワンダリーノ",1300,82,0,"http://onlinecasino-walker.com/ranking/wunderino/",34
8,"ユニーク カジノ",1000,40,0,"http://onlinecasino-walker.com/ranking/unique-casino/",23
9,"ボンズカジノ",1000,40,0,"http://onlinecasino-walker.com/ranking/bonscasino/",34
10,"188ベット",1000,36,0,"http://onlinecasino-walker.com/ranking/188bet/",33
11,"ir 候補地",880,91,0,"http://onlinecasino-walker.com/casinohouan/kouhochi/",20
12,"エコペイズ 登録",720,95,0,"http://onlinecasino-walker.com/deposit/ecopayz/",28
13,"エコペイズ登録",720,75,0,"http://onlinecasino-walker.com/deposit/ecopayz/",41
14,"paiza casino",720,86,0,"http://onlinecasino-walker.com/pz20190922/",25
15,"オンカジ 入金不要ボーナス",720,54,0,"http://onlinecasino-walker.com/biginner/biginner-bonus/",20
16,"venuspoint",720,79,0,"http://onlinecasino-walker.com/deposit/venuspoint/",32
17,"パーレー法",720,62,0,"http://onlinecasino-walker.com/kouryaku/grandparlay/",32
18,"メゾン グラッド 済州",590,91,0,"http://onlinecasino-walker.com/world-hotel/koreahotel/maisongladjeju/",23
19,"カリビアンカジノ",590,26,0,"http://onlinecasino-walker.com/%E2%99%A1%E3%82%AB%E3%83%AA%E3%83%93%E3%82%A2%E3%83%B3%E4%BA%BA%E6%B0%97%E3%82%B9%E3%83%AD%E3%83%83%E3%83%88%E3%83%A9%E3%83%B3%E3%82%AD%E3%83%B3%E3%82%B0%E2%99%A1/",34
20,"バカラ カウンティング",480,64,0,"http://onlinecasino-walker.com/biginner/game-kind/baccarat-rule/baccarat-counting/",20
21,"モンテカルロ 法 カジノ",480,81,0,"http://onlinecasino-walker.com/kouryaku/montecarlo/",14
22,"モンテカルロ法 カジノ",480,80,0,"http://onlinecasino-walker.com/kouryaku/montecarlo/",19
23,"入金不要ボーナス2020",390,88,0,"http://onlinecasino-walker.com/ranking/joycasino/",36
24,"ハッピースターカジノ",390,53,0,"http://onlinecasino-walker.com/ranking/happistar/",33
25,"韓国 カジノ年齢",390,84,0,"http://onlinecasino-walker.com/world-hotel/koreahotel/",18
26,"ニュー カジノ 入金不要ボーナス",320,38,0,"http://onlinecasino-walker.com/",19
27,"パイザカジノ 出 金",320,46,0,"http://onlinecasino-walker.com/ranking/paiza/",17
28,"パイザカジノ 出金",320,41,0,"http://onlinecasino-walker.com/ranking/paiza/",22
29,"カジ旅　評判",320,60,0,"http://onlinecasino-walker.com/ranking/kajitabi/",21
30,"カジ 旅 評判",320,50,0,"http://onlinecasino-walker.com/ranking/kajitabi/",15
31,"カジ旅 評判",320,56,0,"http://onlinecasino-walker.com/ranking/kajitabi/",20
32,"バカラ　カウンティング",320,74,0,"http://onlinecasino-walker.com/biginner/game-kind/baccarat-rule/baccarat-counting/",20
33,"ハッピー スター カジノ",320,46,0,"http://onlinecasino-walker.com/%E2%99%A1%E3%83%8F%E3%83%83%E3%83%94%E3%83%BC%E3%82%B9%E3%82%BF%E3%83%BC%E5%88%9D%E5%9B%9E%E5%85%A5%E9%87%91%E3%82%B3%E3%83%B3%E3%83%9C4%E2%99%A1/",14
34,"オンカジ ボーナス",260,15,0,"http://onlinecasino-walker.com/",27
35,"パイザカジノ 入金",260,66,0,"http://onlinecasino-walker.com/ranking/paiza/",25
36,"オンカジ 税金",260,37,0,"http://onlinecasino-walker.com/biginner/tax/",23
37,"最新 カジノ初回入金不要ボーナス",260,69,0,"http://onlinecasino-walker.com/",20
38,"グランド ハイアット 仁川",260,47,0,"http://onlinecasino-walker.com/world-hotel/koreahotel/grandhyattincheon/",15
39,"コンラッドマカオ",260,74,0,"http://onlinecasino-walker.com/world-hotel/macauhotel/conradhotels3/",33
40,"パイザカジノ ボーナス",260,47,0,"http://onlinecasino-walker.com/ranking/paiza/",19
41,"マーチンゲール法とは",260,71,0,"http://onlinecasino-walker.com/kouryaku/martingale/",32
42,"ジョイカジノ ボーナスコード",260,39,0,"http://onlinecasino-walker.com/ranking/joycasino/howtoregister/",19
43,"オンラインカジノ 最新",260,7,7,"http://onlinecasino-walker.com/",18
44,"パイザカジノ 登録方法",210,43,0,"http://onlinecasino-walker.com/ranking/paiza/howtoregister/",30
45,"フォーシーズンズマカオ",210,89,0,"http://onlinecasino-walker.com/world-hotel/macauhotel/fourseasons/",38
46,"31ベット法",210,50,0,"http://onlinecasino-walker.com/biginner/game-kind/baccarat-rule/capture/",35
47,"バカラ 資金 管理",210,22,0,"http://onlinecasino-walker.com/biginner/game-kind/baccarat-rule/capture/",16
48,"バカラ資金管理",210,21,0,"http://onlinecasino-walker.com/biginner/game-kind/baccarat-rule/capture/",34
49,"ヴィーナス ポイント 出 金",210,83,0,"http://onlinecasino-walker.com/deposit/venuspoint/venuspoint-shukkin/",8
50,"188カジノ",210,64,0,"http://onlinecasino-walker.com/ranking/188bet/",34
51,"bonsカジノ",210,42,0,"http://onlinecasino-walker.com/ranking/bonscasino/",34
52,"バカラ 資金管理",210,20,0,"http://onlinecasino-walker.com/biginner/game-kind/baccarat-rule/capture/",21
53,"統合型リゾート候補地",210,40,0,"http://onlinecasino-walker.com/casinohouan/kouhochi/",34
54,"ワンダー カジノ 入金 不要",210,16,0,"http://onlinecasino-walker.com/ranking/wonder-casino/",7
55,"ワンダーカジノ 入金不要",210,15,0,"http://onlinecasino-walker.com/ranking/wonder-casino/",20
56,"モンテカルロ 法 損 切り",210,6,7,"http://onlinecasino-walker.com/kouryaku/montecarlo/flow/",6
57,"モンテカルロ法 損切り",210,7,5,"http://onlinecasino-walker.com/kouryaku/montecarlo/flow/",19
58,"ジョイ カジノ 入金 不要 ボーナス",210,38,0,"http://onlinecasino-walker.com/ranking/joycasino/",6
59,"パイザカジノ 入金不要ボーナス",210,53,0,"http://onlinecasino-walker.com/ranking/paiza/howtoregister/",19
60,"最新オンラインカジノ",210,6,7,"http://onlinecasino-walker.com/",31
61,"オンライン カジノ カウンティング",210,72,0,"http://onlinecasino-walker.com/biginner/game-kind/blackjack-rule/counting/",13
62,"オンラインカジノ　カウンティング",210,78,0,"http://onlinecasino-walker.com/biginner/game-kind/blackjack-rule/counting/",18
63,"バカラ 絞り",170,96,0,"http://onlinecasino-walker.com/biginner/game-kind/baccarat-rule/squeeze/",22
64,"iwallet カード",170,55,0,"http://onlinecasino-walker.com/deposit/iwallet/iwallet-card/",21
65,"ジョイカジノ ログイン",170,62,0,"http://onlinecasino-walker.com/ranking/joycasino/howtoregister/",19
66,"マカオカジノホテル",170,94,0,"http://onlinecasino-walker.com/world-hotel/macauhotel/",31
67,"カジノ 場所 決定",170,69,0,"http://onlinecasino-walker.com/casinohouan/kouhochi/",13
68,"カジノ場所 決定",170,36,0,"http://onlinecasino-walker.com/casinohouan/kouhochi/",18
69,"ザ ベネチアン マカオ リゾート ホテル",140,93,0,"http://onlinecasino-walker.com/world-hotel/macauhotel/venetianmacao/",18
70,"ecopayz 登録",140,74,0,"http://onlinecasino-walker.com/deposit/ecopayz/",27
71,"アイ ウォレット と は",140,85,0,"http://onlinecasino-walker.com/deposit/iwallet/",11
72,"オンカジ 必勝",140,33,0,"http://onlinecasino-walker.com/blog-link/",24
73,"カジ旅評判",140,55,0,"http://onlinecasino-walker.com/ranking/kajitabi/",36
74,"ユースカジノ",140,12,0,"http://onlinecasino-walker.com/ranking/youscasino/",36
75,"ビーナス ポイント デメリット",140,43,0,"http://onlinecasino-walker.com/deposit/venuspoint/",18
76,"オンカジ 無料 ボーナス",140,47,0,"http://onlinecasino-walker.com/",17
77,"システムベット カジノ",140,75,0,"http://onlinecasino-walker.com/biginner/game-kind/baccarat-rule/capture/",22
78,"アイウォレット 登録",140,67,0,"http://onlinecasino-walker.com/deposit/iwallet/",21
79,"iwallet 入金",140,88,0,"http://onlinecasino-walker.com/deposit/iwallet/iwallet-nyukin/",20
80,"入金不要ボーナス カジノ 最新",140,76,0,"http://onlinecasino-walker.com/",15
81,"カリビアン カジノ 入金 不要 ボーナス",140,69,0,"http://onlinecasino-walker.com/cb20190815/",7
82,"カリビアンカジノ 入金不要ボーナス",140,62,0,"http://onlinecasino-walker.com/%E2%99%A1%E3%82%AB%E3%83%AA%E3%83%93%E3%82%A2%E3%83%B3%E4%BA%BA%E6%B0%97%E3%82%B9%E3%83%AD%E3%83%83%E3%83%88%E3%83%A9%E3%83%B3%E3%82%AD%E3%83%B3%E3%82%B0%E2%99%A1/",20
83,"日本 カジノ 場所",140,22,0,"http://onlinecasino-walker.com/casinohouan/kouhochi/",14
84,"日本カジノ 場所",140,37,0,"http://onlinecasino-walker.com/casinohouan/kouhochi/",19
85,"日本カジノ場所",140,36,0,"http://onlinecasino-walker.com/casinohouan/kouhochi/",32
86,"メゾングラッド済州",140,86,0,"http://onlinecasino-walker.com/world-hotel/koreahotel/maisongladjeju/",32
87,"entropay",140,65,0,"http://onlinecasino-walker.com/deposit/entropay/",32
88,"ワンダリーノ ボーナス",140,63,0,"http://onlinecasino-walker.com/ranking/wunderino/",19
89,"カジノ 日本 場所",140,78,0,"http://onlinecasino-walker.com/casinohouan/kouhochi/",13
90,"オンライン カジノ 最新",140,12,0,"http://onlinecasino-walker.com/",13
91,"オンカジ 入金不要",110,37,0,"http://onlinecasino-walker.com/",26
92,"オンカジ必勝",110,25,0,"http://onlinecasino-walker.com/blog-link/",39
93,"ラッキー ニッキー 評判",110,52,0,"http://onlinecasino-walker.com/ranking/luckyniki/",18
94,"ラッキーニッキー 評判",110,48,0,"http://onlinecasino-walker.com/ranking/luckyniki/",21
95,"カリビアンカジノ スロット",110,4,7,"http://onlinecasino-walker.com/%E2%99%A1%E3%82%AB%E3%83%AA%E3%83%93%E3%82%A2%E3%83%B3%E4%BA%BA%E6%B0%97%E3%82%B9%E3%83%AD%E3%83%83%E3%83%88%E3%83%A9%E3%83%B3%E3%82%AD%E3%83%B3%E3%82%B0%E2%99%A1/",21
96,"ir 候補地 決定 いつ",110,55,0,"http://onlinecasino-walker.com/casinohouan/kouhochi/",7
97,"ラマダプラザ済州",110,99,0,"http://onlinecasino-walker.com/world-hotel/koreahotel/ramadaplaza/",32
98,"ライブカジノハウス　評判",110,70,0,"http://onlinecasino-walker.com/ranking/livecasino/",19
99,"ブラック ジャック カウント",110,82,0,"http://onlinecasino-walker.com/biginner/game-kind/blackjack-rule/counting/",14
100,"カジパン",110,66,0,"http://onlinecasino-walker.com/%E2%99%A1%E3%82%AB%E3%82%B8%E6%97%85%E3%81%AE%E6%96%B0%E7%8E%8B%E5%9B%BD%E3%80%8C%E3%82%AB%E3%82%B8%E3%83%91%E3%83%B3%E7%8E%8B%E5%9B%BD%E3%80%8D%E2%99%A1/",32
101,"joyカジノ 入金不要ボーナス",110,72,0,"http://onlinecasino-walker.com/ranking/joycasino/",19
102,"white rabbit カジノ",110,54,0,"http://onlinecasino-walker.com/cs20200111/",14
103,"ココモ法 20連敗 確率",110,51,0,"http://onlinecasino-walker.com/kouryaku/cocomo/flow/",14
104,"joycasino 入金不要ボーナス",110,30,0,"http://onlinecasino-walker.com/ranking/joycasino/",19
105,"joycasino 入金 不要 ボーナス",110,30,0,"http://onlinecasino-walker.com/ranking/joycasino/",6
106,"ココモ法 最大連敗",110,35,0,"http://onlinecasino-walker.com/kouryaku/cocomo/simulation/",18
107,"ココモ法 最大 連敗",110,34,0,"http://onlinecasino-walker.com/kouryaku/cocomo/simulation/",13
108,"ラッキー ニッキー 入金 不要 ボーナス",110,89,0,"http://onlinecasino-walker.com/ranking/luckyniki/howtoregister/",5
109,"ir カジノ 候補地",110,66,0,"http://onlinecasino-walker.com/casinohouan/kouhochi/",13
110,"ベラジョン ジャックポット",110,93,0,"http://onlinecasino-walker.com/vj20191003/",18
111,"ベラジョン ジャック ポット",110,87,0,"http://onlinecasino-walker.com/vj20191003/",13
112,"釜山 カジノホテル",110,49,0,"http://onlinecasino-walker.com/world-hotel/koreahotel/lottehotelbusan/",18
113,"マカオ コンラッド",90,63,0,"http://onlinecasino-walker.com/world-hotel/macauhotel/conradhotels3/",22
114,"mystino",90,51,0,"http://onlinecasino-walker.com/ranking/mystino_en/",34
115,"カリビアンカジノ入金不要ボーナス",90,27,0,"http://onlinecasino-walker.com/ranking/caribbean/howtoregister/",33
116,"ココモ 法 損 切り",90,49,0,"http://onlinecasino-walker.com/kouryaku/martingale/flow/",7
117,"カジノどこにできる",90,16,0,"http://onlinecasino-walker.com/casinohouan/kouhochi/",32
118,"カジノ 日本 候補地",90,22,0,"http://onlinecasino-walker.com/casinohouan/kouhochi/",13
119,"ビット コイン オンライン カジノ",90,70,0,"http://onlinecasino-walker.com/deposit/bitcoin/",5
120,"ビットコイン　オンラインカジノ",90,71,0,"http://onlinecasino-walker.com/deposit/bitcoin/",18
121,"ドラゴンの財宝",90,90,0,"http://onlinecasino-walker.com/uc20191220/",31
122,"ビットコインオンラインカジノ",90,84,0,"http://onlinecasino-walker.com/deposit/bitcoin/",31
123,"ビットコイン オンラインカジノ",90,67,0,"http://onlinecasino-walker.com/deposit/bitcoin/",18
124,"済州 オリエンタルホテル",70,47,0,"http://onlinecasino-walker.com/world-hotel/koreahotel/oriental/",26
125,"モンテカルロ 法 勝て ない",70,44,0,"http://onlinecasino-walker.com/kouryaku/montecarlo/",9
126,"モンテカルロ法 勝てない",70,40,0,"http://onlinecasino-walker.com/kouryaku/montecarlo/",22
127,"カリビアンカジノ ボーナス",70,40,0,"http://onlinecasino-walker.com/ranking2019-casino/ranking-casino-caribbean/",21
128,"マカオ カウントダウン",70,37,0,"http://onlinecasino-walker.com/world-hotel/macauhotel/the-countdown-hotel/",20
129,"オンカジ ブログ",70,13,0,"http://onlinecasino-walker.com/",19
130,"オンカジブログ",70,19,0,"http://onlinecasino-walker.com/blog-link/",32
131,"バカラ カードカウンティング",70,34,0,"http://onlinecasino-walker.com/biginner/game-kind/baccarat-rule/baccarat-counting/",19
132,"カジノ ブログ ランキング",70,18,0,"http://onlinecasino-walker.com/",14
133,"カジノ 候補地 決定",70,46,0,"http://onlinecasino-walker.com/casinohouan/kouhochi/",14
134,"カジノ 候補 地 決定",70,37,0,"http://onlinecasino-walker.com/casinohouan/kouhochi/",6
135,"パラダイスホテル カジノ",70,65,0,"http://onlinecasino-walker.com/world-hotel/koreahotel/paradisehotelbusan/",19
136,"釜山 ロッテ ホテル カジノ",70,40,0,"http://onlinecasino-walker.com/world-hotel/koreahotel/lottehotelbusan/",6
137,"釜山 ロッテホテル カジノ",70,44,0,"http://onlinecasino-walker.com/world-hotel/koreahotel/lottehotelbusan/",14
138,"ソウル カジノ おすすめ",70,49,0,"http://onlinecasino-walker.com/world-hotel/koreahotel/millenniumseoulhilton/",13
139,"面白い スロット ランキング",70,92,0,"http://onlinecasino-walker.com/%E2%99%A1%E3%82%AB%E3%83%AA%E3%83%93%E3%82%A2%E3%83%B3%E5%A5%BD%E8%AA%BF%E5%8F%B0%E3%82%B9%E3%83%AD%E3%83%83%E3%83%88%E3%83%A9%E3%83%B3%E3%82%AD%E3%83%B3%E3%82%B0%E2%99%A1/",13
140,"ロッテホテル 釜山 カジノ",70,35,0,"http://onlinecasino-walker.com/world-hotel/koreahotel/lottehotelbusan/",13
141,"オンラインカジノ　仕組み",70,20,0,"http://onlinecasino-walker.com/biginner/biginner-how-it-works/",18
142,"オンライン カジノ 仮想通貨",70,34,0,"http://onlinecasino-walker.com/deposit/bitcoin/",13
143,"オンラインカジノ　仮想通貨",70,34,0,"http://onlinecasino-walker.com/deposit/bitcoin/",18
144,"カジノ 釜山",70,86,0,"http://onlinecasino-walker.com/world-hotel/koreahotel/paradisehotelbusan/",18
145,"ヴィーナスウォーカー 退会",70,58,0,"http://onlinecasino-walker.com/onlinecasino-qanda/",18
146,"ホテルベネチアン マカオ",50,98,0,"http://onlinecasino-walker.com/world-hotel/macauhotel/venetianmacao/",29
147,"マカオ リゾートホテル",50,81,0,"http://onlinecasino-walker.com/world-hotel/macauhotel/venetianmacao/",27
148,"パイザカジノ 出金方法",50,63,0,"http://onlinecasino-walker.com/ranking/paiza/",24
149,"ir 誘致 有力",50,60,0,"http://onlinecasino-walker.com/casinohouan/kouhochi/",19
150,"ミレニアムソウルヒルトン シャトルバス",50,37,0,"http://onlinecasino-walker.com/world-hotel/koreahotel/millenniumseoulhilton/",23
151,"ir候補地 決定",50,69,0,"http://onlinecasino-walker.com/casinohouan/kouhochi/",21
152,"カリビアンカジノ 評価",50,26,0,"http://onlinecasino-walker.com/ranking/caribbean/",21
153,"ユニークカジノ入金不要ボーナス",50,42,0,"http://onlinecasino-walker.com/ranking/unique-casino/",34
154,"インペリアル カジノ 入金 不要",50,51,0,"http://onlinecasino-walker.com/biginner/biginner-bonus/",7
155,"リベート 種類",50,93,0,"http://onlinecasino-walker.com/ranking2019-casino/ranking-casino-paiza/",19
156,"カジノ勝ち逃げ",50,93,0,"http://onlinecasino-walker.com/kouryaku/grandparlay/",31
157,"カジノ 予定地",50,81,0,"http://onlinecasino-walker.com/casinohouan/kouhochi/",18
158,"カジノ 有力候補地",40,55,0,"http://onlinecasino-walker.com/casinohouan/kouhochi/",19
159,"グラン パーレー 法",40,26,0,"http://onlinecasino-walker.com/kouryaku/grandparlay/flow/",14
160,"グランパーレー法",40,24,0,"http://onlinecasino-walker.com/kouryaku/grandparlay/flow/",32
161,"カウントダウンホテル マカオ",40,66,0,"http://onlinecasino-walker.com/world-hotel/macauhotel/the-countdown-hotel/",18
162,"パイザカジノ キャンペーン",30,47,0,"http://onlinecasino-walker.com/pc20190729/",31
163,"パイザカジノ ランク",30,75,0,"http://onlinecasino-walker.com/pc20200425/",27
164,"オンカジ 確定 申告",30,20,0,"http://onlinecasino-walker.com/biginner/tax/",19
165,"188ベット入金不要",30,19,0,"http://onlinecasino-walker.com/ranking/188bet/",36
166,"パイザカジノ ローリングチップ",30,28,0,"http://onlinecasino-walker.com/pc20200407/",23
167,"カジノ 大 富豪",30,48,0,"http://onlinecasino-walker.com/wc220200207/",15
168,"マーチンゲール法 損切り タイミング",30,12,0,"http://onlinecasino-walker.com/kouryaku/martingale/flow/",14
169,"カジノ 損切り",30,33,0,"http://onlinecasino-walker.com/kouryaku/montecarlo/flow/",19
170,"アイウォレット 入金 反映",30,69,0,"http://onlinecasino-walker.com/deposit/iwallet/iwallet-nyukin/",13
171,"入金不要　オンカジ",20,69,0,"http://onlinecasino-walker.com/",32
172,"パイザカジノ プロモーションコード",20,32,0,"http://onlinecasino-walker.com/ranking/paiza/howtoregister/",26
173,"joycasino login",20,58,0,"http://onlinecasino-walker.com/ranking/joycasino/howtoregister/",19
174,"フリービットコイン マーチンゲール",20,63,0,"http://onlinecasino-walker.com/kouryaku/martingale/",19
175,"188bet 登録ボーナス",20,40,0,"http://onlinecasino-walker.com/ranking/188bet/",19
176,"エントロペイ 出金",20,72,0,"http://onlinecasino-walker.com/deposit/entropay/entropay-shukkin/",19
177,"ココモ法 2箇所",20,41,0,"http://onlinecasino-walker.com/kouryaku/cocomo/katsuyou/",19
178,"マーチンゲール法 失敗",20,33,0,"http://onlinecasino-walker.com/kouryaku/parlay/kumiawase/",19
179,"統合型リゾート 日本 候補地",20,38,0,"http://onlinecasino-walker.com/casinohouan/kouhochi/",13
180,"北海道 カジノ 場所",20,18,0,"http://onlinecasino-walker.com/casinohouan/kouhochi/",13
181,"ウォーカーヒル カジノ ホテル",20,53,0,"http://onlinecasino-walker.com/world-hotel/koreahotel/walkerhill/",13
182,"ゴールド コースト カジノ ホテル",20,77,0,"http://onlinecasino-walker.com/world-hotel/australia-hotel/thestargoldcoast/",5
183,"カジノ 建設 予定 地",20,86,0,"http://onlinecasino-walker.com/casinohouan/kouhochi/",5
184,"ザ カウントダウン ホテル",20,46,0,"http://onlinecasino-walker.com/world-hotel/macauhotel/the-countdown-hotel/",13
185,"2 3 ベット法 ココモ法",20,77,0,"http://onlinecasino-walker.com/kouryaku/cocomo/katsuyou/",5
186,"オンラインカジノ 新しい",20,10,0,"http://onlinecasino-walker.com/",18
187,"マリーナベイサンズ paiza 特典",20,37,0,"http://onlinecasino-walker.com/world-hotel/",13
188,"ザスターゴールドコースト カジノ",20,52,0,"http://onlinecasino-walker.com/world-hotel/australia-hotel/thestargoldcoast/",18
189,"オンカジ 入金不要 2020",20,13,0,"http://onlinecasino-walker.com/",13
190,"カリビアンカジノ 初回入金ボーナス",20,14,0,"http://onlinecasino-walker.com/cb20191101/",18
191,"パイザカジノ モバイル",10,51,0,"http://onlinecasino-walker.com/%E2%99%A1%E3%83%91%E3%82%A4%E3%82%B6%E3%82%AB%E3%82%B8%E3%83%8E%E6%B0%B4%E6%9B%9C%E6%97%A5%E3%81%AF%E3%81%93%E3%82%8C%E3%81%8C%E3%82%B9%E3%82%B4%E3%82%A4%EF%BC%81%E3%83%99%E3%83%83%E3%83%88%E3%83%88/",33
192,"ベラジョン 配信",10,53,0,"http://onlinecasino-walker.com/ranking/verajohn/",26
193,"パイザカジノ ビット コイン 出 金",10,63,0,"http://onlinecasino-walker.com/ranking/paiza/",13
194,"カジ 旅 メンテナンス",10,45,0,"http://onlinecasino-walker.com/pc20200219/",20
195,"カジ旅 メンテナンス",10,31,0,"http://onlinecasino-walker.com/pc20200219/",25
196,"北海道カジノ候補地",10,75,0,"http://onlinecasino-walker.com/casinohouan/kouhochi/",37
197,"ビーナスポイント購入",10,22,0,"http://onlinecasino-walker.com/deposit/venuspoint/venuspoint-nyukin/",37
198,"ir法案 場所",10,89,0,"http://onlinecasino-walker.com/casinohouan/kouhochi/",23
199,"ホワイトラビット ベラジョン",10,84,0,"http://onlinecasino-walker.com/kt20191117/",23
200,"バカラ 軍資金",10,15,0,"http://onlinecasino-walker.com/biginner/game-kind/baccarat-rule/capture/",23
201,"パイザカジノ 出金 ビットコイン",10,75,0,"http://onlinecasino-walker.com/ranking/paiza/",18
202,"ベラジョンカジノ スロット 2020",10,38,0,"http://onlinecasino-walker.com/",16
203,"ベラ ジョン カジノ配信",10,71,0,"http://onlinecasino-walker.com/ranking/verajohn/",16
204,"ir構想 候補地",10,74,0,"http://onlinecasino-walker.com/casinohouan/kouhochi/",21
205,"マーチンゲール パーレー",10,18,0,"http://onlinecasino-walker.com/kouryaku/parlay/kumiawase/",20
206,"ベラ ジョン カジノ スロット ランキング",10,44,0,"http://onlinecasino-walker.com/%E2%99%A1%E3%82%AB%E3%83%AA%E3%83%93%E3%82%A2%E3%83%B3%E4%BA%BA%E6%B0%97%E3%82%B9%E3%83%AD%E3%83%83%E3%83%88%E3%83%A9%E3%83%B3%E3%82%AD%E3%83%B3%E3%82%B0%E2%99%A1/",7
207,"vip バカラ",10,55,0,"http://onlinecasino-walker.com/biginner/game-kind/baccarat-rule/vip/",20
208,"ベラジョンカジノ スロット ランキング",10,45,0,"http://onlinecasino-walker.com/%E2%99%A1%E3%82%AB%E3%83%AA%E3%83%93%E3%82%A2%E3%83%B3%E4%BA%BA%E6%B0%97%E3%82%B9%E3%83%AD%E3%83%83%E3%83%88%E3%83%A9%E3%83%B3%E3%82%AD%E3%83%B3%E3%82%B0%E2%99%A1/",14
209,"統合型リゾート 場所",10,28,0,"http://onlinecasino-walker.com/casinohouan/kouhochi/",19
210,"江原ランドホテル",10,29,0,"http://onlinecasino-walker.com/world-hotel/koreahotel/gangwonlandhotel/",31
211,"エントロペイ 入金できない",10,88,0,"http://onlinecasino-walker.com/deposit/entropay/",18
212,"ソウル ロッテホテル カジノ",10,49,0,"http://onlinecasino-walker.com/world-hotel/koreahotel/ottehotelseoul/",13
213,"グランド ハイアット マカオ ショー",10,68,0,"http://onlinecasino-walker.com/world-hotel/macauhotel/hyatthotel/",5
214,"エントロペイ アップグレード",10,13,0,"http://onlinecasino-walker.com/deposit/entropay/entropay-upgrade/",18
215,"ビット コイン カジノ 入金 不要",10,87,0,"http://onlinecasino-walker.com/ranking/bonscasino/",5
216,"ルーレット ココモ法",10,49,0,"http://onlinecasino-walker.com/kouryaku/cocomo/simulation/",18
217,"entropayとは",10,60,0,"http://onlinecasino-walker.com/deposit/entropay/",31
218,"カジノ 富豪",10,74,0,"http://onlinecasino-walker.com/wc220200207/",18
219,"ハッピースターカジノ ボーナス",10,42,0,"http://onlinecasino-walker.com/%E2%99%A1%E3%83%8F%E3%83%83%E3%83%94%E3%83%BC%E3%82%B9%E3%82%BF%E3%83%BC%E5%88%9D%E5%9B%9E%E5%85%A5%E9%87%91%E3%82%B3%E3%83%B3%E3%83%9C4%E2%99%A1/",18
220,"メゾングラッド済州 カジノ",10,25,0,"http://onlinecasino-walker.com/world-hotel/koreahotel/maisongladjeju/",18
221,"グランドハイアットソウル カジノ",10,64,0,"http://onlinecasino-walker.com/world-hotel/koreahotel/grandhyattincheon/",18
222,"済州サンホテル&カジノ",10,47,0,"http://onlinecasino-walker.com/world-hotel/koreahotel/jejusunresort/",31
223,"苫小牧 カジノ 場所",10,45,0,"http://onlinecasino-walker.com/casinohouan/kouhochi/",13
224,"ソフィテル マカオ アット ポンテ16 カジノ",10,47,0,"http://onlinecasino-walker.com/world-hotel/macauhotel/accorhotels16/",5
225,"パーレー法 マーチンゲール法",10,36,0,"http://onlinecasino-walker.com/kouryaku/parlay/kumiawase/",18
226,"wunderino ワンダリーノ",10,64,0,"http://onlinecasino-walker.com/ranking/wunderino/",18
227,"ラマダプラザ済州カジノ",10,27,0,"http://onlinecasino-walker.com/world-hotel/koreahotel/ramadaplaza/",31
228,"ライブカジノハウス スロット おすすめ",10,43,0,"http://onlinecasino-walker.com/lc20190408/",13
229,"カードカウンティング 実践",10,59,0,"http://onlinecasino-walker.com/biginner/game-kind/blackjack-rule/counting/",18
230,"ホリデイインマカオコタイ",10,86,0,"http://onlinecasino-walker.com/world-hotel/macauhotel/holidayinn/",31
231,"ミニバカラ バカラ 違い",10,64,0,"http://onlinecasino-walker.com/biginner/game-kind/baccarat-rule/vip/",13
232,"ソフィテル マカオ アット ポンテ 16 カジノ",10,60,0,"http://onlinecasino-walker.com/world-hotel/macauhotel/accorhotels16/",5
233,"カリビアンカジノ ログインラリー",10,13,0,"http://onlinecasino-walker.com/cb20191022/",18
234,"韓国 カジノ 年齢 数え年",10,18,0,"http://onlinecasino-walker.com/world-hotel/koreahotel/",5
235,"joycasino 登録",0,11,0,"http://onlinecasino-walker.com/ranking/joycasino/howtoregister/","00"
236,"ラッキーニッキーカジノ 評判",0,32,0,"http://onlinecasino-walker.com/ranking/luckyniki/","00"
237,"リアクトゥーンズ",0,51,0,"http://onlinecasino-walker.com/cst20191210/","00"
238,"オンラインカジノ 資金管理",0,22,0,"http://onlinecasino-walker.com/biginner/game-kind/baccarat-rule/capture/","00"
239,"入金不要 オンカジ",0,69,0,"http://onlinecasino-walker.com/","00"
